id;name;brand;regular_price;promo_price;store;city
547548;Крабовые палочки РУССКОЕ МОРЕ, 400г;РУССКОЕ МОРЕ;26299.0;20199.0;Лента;Москва
252357;Пангасиус ЛЕНТА FRESH филе (из замороженного сырья), весовой;ЛЕНТА FRESH;22500.0;15000.0;Лента;Москва
14284;Тунец FORTUNA кусочки в собственном соку, 185г;FORTUNA;35899.0;22999.0;Лента;Москва
175726;Морская капуста маринованная РУССКОЕ МОРЕ Классическая, 200г;РУССКОЕ МОРЕ;8999.0;5999.0;Лента;Москва
729969;Форель Радужная замороженная, стейк, весовая;ЛЕНТА FRESH;159999.0;149999.0;Лента;Москва
504919;Шпроты ВКУСНЫЕ КОНСЕРВЫ крупные, 240г;ВКУСНЫЕ КОНСЕРВЫ;25799.0;18999.0;Лента;Москва
14228;Лосось Атлантический ЛЕНТА FRESH стейк, весовой;ЛЕНТА FRESH СП;190000.0;84950.0;Лента;Москва
715843;Форель слабосоленая ЛЕНТА филе-ломтики, 100г;ЛЕНТА;42199.0;27399.0;Лента;Москва
578250;Треугольники рыбные замороженные POLAR в панировке, 300г;POLAR;19699.0;18699.0;Лента;Москва
547549;Крабовые палочки РУССКОЕ МОРЕ Салатные, 200г;РУССКОЕ МОРЕ;14699.0;10199.0;Лента;Москва
474037;Тилапия ЛЕНТА FRESH филе (из замороженного сырья) Премиум, весовая;ЛЕНТА FRESH;36000.0;24000.0;Лента;Москва
662315;Форель Радужная слабосоленая ЛЕНТА FRESH филе на коже, весовая;ЛЕНТА FRESH;66000.0;59997.0;Лента;Москва
78831;Крабовые палочки МЕРИДИАН Снежный краб (имитация), 200г;МЕРИДИАН;22799.0;17199.0;Лента;Москва
152153;Креветки Королевские варено-мороженые, в панцире с головой, весовые;Не указан;49499.0;28140.0;Лента;Москва
598290;Крабовые палочки VICI 200+20г, 220г;Не указан;18499.0;9999.0;Лента;Москва
703944;Минтай замороженный ЛЕНТА филе порционное без кожи, 400г;Не указан;34199.0;29699.0;Лента;Москва
389798;Тунец ЛЕНТА филе в собственном соку, 160г;Не указан;22799.0;15999.0;Лента;Москва
515385;Икра мойвы САНТА БРЕМОР Икра №1, деликатесная с копченым лососем, 180г;Не указан;20799.0;13899.0;Лента;Москва
664884;Креветки Королевские свежемороженые с головой 50/70, весовые;Не указан;44999.0;28140.0;Лента;Москва
440454;Форель Радужная ЛЕНТА FRESH потрошеная с головой 1–2кг, охлажденная, весовая;Не указан;164999.0;119999.0;Лента;Москва
559590;Горбуша потрошеная без головы, свежемороженая, весовая;Не указан;53999.0;44999.0;Лента;Москва
362192;Форель слабосоленая ЛЕНТА филе-кусок, 200г;Не указан;66699.0;41699.0;Лента;Москва
722468;Сельдь Тихоокеанская слабосоленая РУССКОЕ МОРЕ К картошке, филе в масле, 400г;Не указан;29699.0;19999.0;Лента;Москва
387003;Горбуша Тихоокеанская ЛЕНТА FRESH потрошеная без головы (из замороженного сырья), весовая;Не указан;61499.0;49999.0;Лента;Москва
582381;Форель Радужная непотрошеная с головой, свежемороженая 500г+, весовая;Не указан;71249.0;52499.0;Лента;Москва
205754;Крабовые палочки РУССКОЕ МОРЕ (имитация), 200г;Не указан;16999.0;12899.0;Лента;Москва
299997;Лосось Атлантический ЛЕНТА FRESH стейк (из замороженного сырья), весовой;Не указан;104500.0;69500.0;Лента;Москва
515386;Икра мойвы САНТА БРЕМОР Икра №1, деликатесная с креветкой, 180г;Не указан;18799.0;13499.0;Лента;Москва
556915;Икра лососевая имитированная РУССКОЕ МОРЕ Стольная, 230г;Не указан;15699.0;10299.0;Лента;Москва
175676;Кальмар Дальневосточный замороженный неочищенный, тушка, весовой;Не указан;33500.0;30000.0;Лента;Москва
583096;Лосось Атлантический замороженный ЛЕНТА FRESH стейк, весовой;Не указан;197999.0;125100.0;Лента;Москва
616234;Минтай Тихоокеанский замороженный BOREALIS филе без кожи, 300г;Не указан;26899.0;22899.0;Лента;Москва
42302;Креветки Pandalus borealis варено-мороженые, средние 90/120, весовые;ЧТМ fantasy brands;55999.0;45499.0;Лента;Москва
598114;Крабовое мясо VICI 200+20г, 220г;VICI;22299.0;9999.0;Лента;Москва
427704;Скумбрия Атлантическая холодного копчения ЛЕНТА кусочки, 280г;ЛЕНТА;45599.0;31999.0;Лента;Москва
427072;Крабовые палочки охлажденные ЛЕНТА Снежный краб (имитация), 200г;ЛЕНТА;21899.0;13799.0;Лента;Москва
372475;Креветки Аргентинские красные свежемороженые, в панцире без головы, весовые;ЧТМ fantasy brands;73500.0;54850.0;Лента;Москва
389801;Тунец ЛЕНТА рубленный в собственном соку, 185г;ЛЕНТА;25999.0;20399.0;Лента;Москва
99163;Крабовые палочки VICI, 500г;VICI;43699.0;21799.0;Лента;Москва
695128;Сельдь ЛЕНТА Матье, филе-кусочки в масле, 400г;ЛЕНТА;31999.0;20599.0;Лента;Москва
589847;Снежный краб MARE в классическом соусе, 150г;MARE;12899.0;8999.0;Лента;Москва
749280;Икра сельди РУССКОЕ МОРЕ К картошке, традиционная в масле, 150г;РУССКОЕ МОРЕ;19199.0;;Лента;Москва
515384;Икра мойвы САНТА БРЕМОР Икра №1, деликатесная подкопченная, 180г;САНТА БРЕМОР;21699.0;13899.0;Лента;Москва
175559;Тунец МОРСКОЙ КОТИК натуральный, филе, 170г;МОРСКОЙ КОТИК;17399.0;10499.0;Лента;Москва
172593;Шпроты ЛЕНТА в масле, 240г;ЛЕНТА;21899.0;18399.0;Лента;Москва
489446;Тунец ЛЕНТА FRESH стейк (из замороженного сырья), весовой;ЛЕНТА FRESH;65000.0;50000.0;Лента;Москва
586599;Крабовые палочки МИРАМАР Снежный краб, 200г;МИРАМАР;19599.0;13299.0;Лента;Москва
547550;Сельдь САНТА БРЕМОР Матиас ХХL отборный, филе в масле, 300г;САНТА БРЕМОР;31999.0;23799.0;Лента;Москва
362888;Рыбное филе VICI Дальневосточное, в панировке, 300г;VICI;32899.0;26299.0;Лента;Москва
493968;Кальмар ЛЕНТА FRESH неочищенный, тушка (из замороженного сырья), весовой;ЛЕНТА FRESH СП;35000.0;25000.0;Лента;Москва
714526;Минтай замороженный обезглавленный, весовой;Прочие Товары;31999.0;27999.0;Лента;Москва
665934;Тунец PREMIUM CLUB в собственном соку, кусочки, 185г;PREMIUM CLUB;26299.0;21699.0;Лента;Москва
661166;"Дорадо мороженная ЛЕНТА FRESH неразделанная с головой 300–600г, 
весовая";ЛЕНТА FRESH СП;54000.0;40000.0;Лента;Москва
388455;Килька ВКУСНЫЕ КОНСЕРВЫ в томатном соусе, обжаренная, 240г;ВКУСНЫЕ КОНСЕРВЫ;13999.0;11399.0;Лента;Москва
363352;Сельдь слабосоленая МАТИАС, XXL, крупные филе-кусочки в масле, 260г;МАТИАС;31299.0;;Лента;Москва
470767;Крабовые палочки РУССКОЕ МОРЕ Снежный краб, имитация, 200г;РУССКОЕ МОРЕ;26299.0;19299.0;Лента;Москва
277164;Горбуша ЛЕНТА натуральная, 240г;ЛЕНТА;27399.0;21699.0;Лента;Москва
277242;Риет МЕРИДИАН из лосося с мягким творогом, 100г;МЕРИДИАН;18899.0;14099.0;Лента;Москва
495068;Икра осетровая имитированная ЛЕНТА, 220г;ЛЕНТА;12599.0;9699.0;Лента;Москва
154849;Камбала ЛЕНТА FRESH потрошеная без головы, весовая;ЛЕНТА FRESH СП;26000.0;21500.0;Лента;Москва
101611;Лосось Атлантический ЛЕНТА FRESH филе, весовой;ЛЕНТА FRESH СП;215000.0;110000.0;Лента;Москва
641209;Форель слабосоленая РУССКОЕ МОРЕ филе-кусок, 200г;РУССКОЕ МОРЕ;74599.0;55499.0;Лента;Москва
60356;Рыбные палочки из фарша минтая замороженные, обжаренные в панировке, весовые;Прочие Товары;13500.0;;Лента;Москва
589585;Салат из морских водорослей ЛЕНТА Чука с орехово-кунжутным соусом, 100Г;ЛЕНТА;13199.0;9199.0;Лента;Москва
558322;Горбуша ДОБРОФЛОТ натуральная, 245г;ДОБРОФЛОТ;33099.0;25799.0;Лента;Москва
79567;Форель Радужная ЛЕНТА FRESH потрошеная с головой 2–4кг, весовая;ЛЕНТА FRESH СП;269998.0;199998.0;Лента;Москва
223163;Крабовые палочки VICI с мясом натурального краба, 250г;VICI;40399.0;;Лента;Москва
389799;Тунец ЛЕНТА кусочки в собственном соку, 185г;ЛЕНТА;26299.0;20599.0;Лента;Москва
51288;Крабовые палочки замороженные, весовые;Прочие Товары;12250.0;;Лента;Москва
46178;Сельдь слабосоленая МАТИАС филе, 500г;САНТА БРЕМОР;42499.0;;Лента;Москва
716195;Сельдь Тихоокеанская РУССКОЕ МОРЕ Традиционный посол, филе-кусочки в масле, 240г;РУССКОЕ МОРЕ;23199.0;13999.0;Лента;Москва
518391;Форель слабосоленая МИРАМАР филе-кусок, 200г;МИРАМАР;62199.0;44499.0;Лента;Москва
242813;Крабовое мясо РУССКОЕ МОРЕ (имитация), 200г;РУССКОЕ МОРЕ;16299.0;12499.0;Лента;Москва
102607;Икра минтая РУССКОЕ МОРЕ пробойная, 130г;РУССКОЕ МОРЕ;19599.0;15299.0;Лента;Москва
159588;Мидии замороженные, мясо, весовые;ЧТМ fantasy brands;30250.0;25000.0;Лента;Москва
280983;Икра лососевая ПУТИНА зернистая 1-й сорт, 95г;ПУТИНА;73099.0;62199.0;Лента;Москва
634785;Фарш трески свежемороженый BOREALIS блочный, 750г;BOREALIS;60499.0;;Лента;Москва
515383;Икра мойвы САНТА БРЕМОР Икра №1, деликатесная классическая, 180г;САНТА БРЕМОР;21499.0;13199.0;Лента;Москва
627356;Крабовое мясо РУССКОЕ МОРЕ Салатное (имитация), 200г;РУССКОЕ МОРЕ;14499.0;12799.0;Лента;Москва
721740;Салат Чука замороженный, 500г;Прочие Товары;33599.0;17999.0;Лента;Москва
673679;Крабовые палочки VICI Снежный краб 200+50г, 250г;VICI;32399.0;;Лента;Москва
728596;Горбуша ЛЕНТА FRESH По-домашнему, весовая;ЛЕНТА FRESH;24000.0;17998.0;Лента;Москва
514667;Риет МЕРИДИАН из тунца, 100г;МЕРИДИАН;20599.0;14099.0;Лента;Москва
354940;Креветки 365 ДНЕЙ в рассоле, 180г;365 ДНЕЙ;27399.0;20599.0;Лента;Москва
722404;Сельдь Тихоокеанская РУССКОЕ МОРЕ Селедочка на перекус, филе-кусочки в масле, 150г;РУССКОЕ МОРЕ;13599.0;8999.0;Лента;Москва
335707;Кета Тихоокеанская ЛЕНТА FRESH стейк (из замороженного сырья), весовая;ЛЕНТА FRESH СП;52500.0;45000.0;Лента;Москва
489647;Горбуша ВКУСНЫЕ КОНСЕРВЫ натуральная, 245г;ВКУСНЫЕ КОНСЕРВЫ;28799.0;22399.0;Лента;Москва
584297;Окунь морской замороженный ЛЕНТА потрошеный без головы, 800г;ЛЕНТА;73499.0;56499.0;Лента;Москва
679885;Форель слабосоленая WISH FISH филе-кусок, 150г;WISH FISH;53599.0;37699.0;Лента;Москва
730026;Форель слабосоленая VICI филе-кусок, 150г;VICI;53999.0;34999.0;Лента;Москва
548646;Минтай замороженный, филе без кожи, 600г;Прочие Товары;42599.0;;Лента;Москва
697781;Скумбрия натуральная с добавлением масла, 250г;ЧТМ fantasy brands;10399.0;;Лента;Москва
157161;Минтай ЛЕНТА FRESH филе без кожи (из замороженного сырья), весовой;ЛЕНТА FRESH СП;18900.0;16800.0;Лента;Москва
299993;Лосось Атлантический ЛЕНТА FRESH филе (из замороженного сырья), весовой;ЛЕНТА FRESH СП;120000.0;100000.0;Лента;Москва
374446;Минтай замороженный 365 ДНЕЙ без головы, 1000г;365 ДНЕЙ;28499.0;;Лента;Москва
595404;"Сельдь Атлантическая малосоленая ЛЕНТА FRESH в солевой заливке, филе, 
весовая";ЛЕНТА FRESH СП;27500.0;;Лента;Москва
299996;Лосось Атлантический ЛЕНТА FRESH филе (из замороженного сырья) Премиум, весовой;ЛЕНТА FRESH СП;130000.0;110000.0;Лента;Москва
9596;Крабовое мясо VICI, 200г;VICI;19799.0;9399.0;Лента;Москва
325196;Сайра ДОБРОФЛОТ Тихоокеанская натуральная, 245г;ДОБРОФЛОТ;31999.0;21999.0;Лента;Москва
720458;Сельдь ЛЕНТА филе в масле, 400г;ЛЕНТА;27399.0;22799.0;Лента;Москва
558168;Икра горбуши КАМЧАТСКОЕ МОРЕ зернистая, 320г;КАМЧАТСКОЕ МОРЕ;423999.0;236999.0;Лента;Москва
371212;Шпроты ВКУСНЫЕ КОНСЕРВЫ в масле, 160г;ВКУСНЫЕ КОНСЕРВЫ;18699.0;14199.0;Лента;Москва
520295;Салат из морских водорослей ЛЕНТА Чука с кунжутом, 100г;ЛЕНТА;13299.0;9199.0;Лента;Москва
495007;Икра лососевая имитированная ЛЕНТА, 220г;ЛЕНТА;12799.0;9899.0;Лента;Москва
631697;Шпроты ВКУСНЫЕ КОНСЕРВЫ в масле, Экстра, 270г;ВКУСНЫЕ КОНСЕРВЫ;34199.0;23299.0;Лента;Москва
518432;Крабовые палочки РУССКОЕ МОРЕ Королевский краб, с мясом натурального краба (имитация), 250г;РУССКОЕ МОРЕ;29699.0;23099.0;Лента;Москва
769168;Минтай VICI порции филе в панировке, 300г;VICI;28199.0;;Лента;Москва
743754;Форель Радужная замороженная, филе с кожей, весовая;Прочие Товары;170999.0;134999.0;Лента;Москва
459640;Тунец 365 ДНЕЙ рубленый в собственном соку, 185г;365 ДНЕЙ;8899.0;;Лента;Москва
582442;Лосось PATE LE MARE подкопченный рубленый, 150г;PATE LE MARE;14199.0;9999.0;Лента;Москва
716221;Икра сельди ПУТИНА ястычная в масле с укропом и луком, 160г;ПУТИНА;24099.0;;Лента;Москва
452847;Форель слабосоленая МЕРИДИАН филе-кусок, 150г;МЕРИДИАН;48499.0;41399.0;Лента;Москва
542747;Кижуч Тихоокеанский ЛЕНТА FRESH стейк (из замороженного сырья), весовой;ЛЕНТА FRESH СП;65000.0;59950.0;Лента;Москва
554281;Лосось 3–5кг, замороженный, весовой;Прочие Товары;539997.0;359997.0;Лента;Москва
568240;Икра трески СОКРОВИЩА ОКЕАНА, 120г;СОКРОВИЩА ОКЕАНА;10999.0;8199.0;Лента;Москва
672686;Икра сельди деликатесная РУССКОЕ МОРЕ Люкс Оригинальная, 100г;РУССКОЕ МОРЕ;18299.0;14199.0;Лента;Москва
714680;Пангасиус замороженный ЛЕНТА филе, 500г;ЛЕНТА;32499.0;25099.0;Лента;Москва
539216;Икра рыбная ЛЕНТА с кусочками копченой горбуши/копченого лосося, в  соусе, 180г;ЛЕНТА;20099.0;14199.0;Лента;Москва
446764;Креветки свежемороженые, в панцире без головы 21/25, весовые;ЧТМ fantasy brands;70000.0;63500.0;Лента;Москва
508481;Треска замороженная BOREALIS филе без кожи и костей (спинка), 400г;BOREALIS;129999.0;;Лента;Москва
749920;Икра трески Атлантической ALAND пробойная, 120г;ALAND;14899.0;11399.0;Лента;Москва
716427;Сельдь Атлантическая БАЛТИЙСКИЙ БЕРЕГ филе на коже в заливке с пряностями, 250г;БАЛТИЙСКИЙ БЕРЕГ;16999.0;11999.0;Лента;Москва
584296;Скумбрия Атлантическая холодного копчения ЛЕНТА без головы, 280г;ЛЕНТА;38799.0;32499.0;Лента;Москва
629822;Кижуч замороженный ЛЕНТА стейк, 430г;ЛЕНТА;64999.0;57999.0;Лента;Москва
595403;"Навага ЛЕНТА FRESH потрошеная без головы (из замороженного сырья), 
весовая";ЛЕНТА FRESH СП;28999.0;23999.0;Лента;Москва
581799;Морская капуста маринованная РУССКОЕ МОРЕ Классическая, 450г;РУССКОЕ МОРЕ;16699.0;12699.0;Лента;Москва
610173;Кета замороженная ЛЕНТА стейк, 430г;ЛЕНТА;58499.0;49199.0;Лента;Москва
711284;Салат из морских водорослей РУССКОЕ МОРЕ Чука, 150г;РУССКОЕ МОРЕ;18299.0;12699.0;Лента;Москва
294302;Окунь морской ЛЕНТА FRESH потрошеный без головы (из замороженного сырья), весовой;ЛЕНТА FRESH СП;38999.0;35999.0;Лента;Москва
634765;Рыбки тресковые замороженные POLAR с сыром, в панировке, 375г;POLAR;25499.0;19199.0;Лента;Москва
626333;Паста САНТА БРЕМОР Антарктик Криль с авокадо, 150г;САНТА БРЕМОР;17599.0;10499.0;Лента;Москва
347157;Сельдь РУССКОЕ МОРЕ Исландка, филе-кусочки в красновинной заливке, 115г;РУССКОЕ МОРЕ;16699.0;14199.0;Лента;Москва
304031;Сайра ЛЕНТА Тихоокеанская натуральная, 240г;ЛЕНТА;26299.0;21699.0;Лента;Москва
626700;Икра мойвы САНТА БРЕМОР деликатесная с лососем и авокадо, 180г;САНТА БРЕМОР;22499.0;14199.0;Лента;Москва
523853;Икра лососевая 365 ДНЕЙ зернистая, 1-й сорт, 75г;365 ДНЕЙ;44299.0;;Лента;Москва
749597;Форель слабосоленая РУССКОЕ МОРЕ филе-ломтики, 100г;РУССКОЕ МОРЕ;36299.0;;Лента;Москва
379132;Салат из морской капусты 365 ДНЕЙ Натуральный, 250г;365 ДНЕЙ;7699.0;;Лента;Москва
378416;Минтай замороженный РРК филе порционное, 400г;РРК;42399.0;;Лента;Москва
80666;Треска ЛЕНТА FRESH филе без кожи, весовая;ЛЕНТА FRESH СП;87499.0;76999.0;Лента;Москва
700601;Икра лососевая имитированная БАЛТИЙСКИЙ БЕРЕГ структурированная, 120г;БАЛТИЙСКИЙ БЕРЕГ;20599.0;18299.0;Лента;Москва
687135;Салат РУССКОЕ МОРЕ из вареного мяса Чилийской мидии с овощами, 150г;РУССКОЕ МОРЕ;15099.0;9699.0;Лента;Москва
717212;Сельдь Тихоокеанская слабосоленая РУССКОЕ МОРЕ Селедочка Традиционный посол, филе-кусочки в масле, 500г;РУССКОЕ МОРЕ;36399.0;31399.0;Лента;Москва
687136;Кальмар Командорский РУССКОЕ МОРЕ щупальца в заливке, 180г;РУССКОЕ МОРЕ;23399.0;18299.0;Лента;Москва
95658;Сельдь слабосоленая МАТИАС Оригинал, филе, 250г;САНТА БРЕМОР;19699.0;;Лента;Москва
381515;Икра лососевая имитированная БАЛТИЙСКИЙ БЕРЕГ, 220г;БАЛТИЙСКИЙ БЕРЕГ;12799.0;9099.0;Лента;Москва
641592;Лосось слабосоленый ЛЕНТА FRESH По-домашнему, весовой;ЛЕНТА FRESH СП;46000.0;34000.0;Лента;Москва
687149;Креветки РУССКОЕ МОРЕ мясо в заливке, 180г;РУССКОЕ МОРЕ;26299.0;23199.0;Лента;Москва
725455;Кальмар замороженный очищенный, тушка с плавником без кожи, 500г;Прочие Товары;57699.0;53699.0;Лента;Москва
672687;Икра мойвы деликатесная РУССКОЕ МОРЕ Люкс Оригинальная, 100г;РУССКОЕ МОРЕ;17299.0;13799.0;Лента;Москва
660400;Креветки свежемороженые PREMIUM CLUB очищенные 36/40, 500г;PREMIUM CLUB;120899.0;83099.0;Лента;Москва
561404;Горбуша КУРИЛЬСКИЙ БЕРЕГ натуральная, 250г;КУРИЛЬСКИЙ БЕРЕГ;29699.0;22599.0;Лента;Москва
687137;Коктейль из морепродуктов РУССКОЕ МОРЕ Морской микс, в заливке, 180г;РУССКОЕ МОРЕ;21099.0;14999.0;Лента;Москва
390955;Крем-паста из морепродуктов САНТА БРЕМОР Антарктик-Криль классический, 150г;САНТА БРЕМОР;13199.0;;Лента;Москва
558170;Икра лососевая КАМЧАТСКОЕ МОРЕ зернистая, ГОСТ, 140г;КАМЧАТСКОЕ МОРЕ;194399.0;131199.0;Лента;Москва
883960;Сардина Иваси ЛЕНТА натуральная с добавлением масла, 250г;ЛЕНТА;15099.0;11599.0;Лента;Москва
577017;Кальмар БАЛТИЙСКИЙ БЕРЕГ щупальца в чесночном соусе, 210г;БАЛТИЙСКИЙ БЕРЕГ;23799.0;18899.0;Лента;Москва
687153;Кальмар РУССКОЕ МОРЕ мясо соломкой в заливке, 300г;РУССКОЕ МОРЕ;31399.0;29099.0;Лента;Москва
603210;Лососевые порции VICI в золотистой корочке, 450г;VICI;26699.0;23799.0;Лента;Москва
660992;Икра лососевая ПУТИНА зернистая, 100г;ПУТИНА;179199.0;87999.0;Лента;Москва
745300;Печень Атлантической трески ALAND, 115г;ALAND;33399.0;26499.0;Лента;Москва
429607;Сельдь слабосоленая МАТИАС, XXL, крупные филе-кусочки, 200г;РУССКОЕ МОРЕ;26099.0;19999.0;Лента;Москва
460018;Крабовое мясо охлажденное ЛЕНТА (имитация), 200г;Не указан;16399.0;10599.0;Лента;Москва
701110;Кета замороженная Тихоокеанская, стейк, весовая;Не указан;109999.0;99999.0;Лента;Москва
646186;Форель слабосоленая 365 ДНЕЙ филе-кусок, 130г;Не указан;24599.0;;Лента;Москва
172591;Килька ЛЕНТА в томатном соусе, 240г;Не указан;10099.0;8299.0;Лента;Москва
264160;Мидии Чилийские варено-мороженые VICI, 400г;Не указан;44499.0;38799.0;Лента;Москва
494207;Форель слабосоленая БАЛТИЙСКИЙ БЕРЕГ филе-ломтики, 100г;Не указан;30799.0;;Лента;Москва
354938;Кальмар 365 ДНЕЙ в рассоле соломка, 180г;Не указан;22799.0;19399.0;Лента;Москва
729037;Форель Радужная замороженная потрошеная без головы 1,8–3,6кг, весовая;Не указан;269998.0;244798.0;Лента;Москва
370262;Кета слабосоленая 365 ДНЕЙ филе-ломтики, 150г;Не указан;30799.0;25699.0;Лента;Москва
389800;Тунец ЛЕНТА кусочки в масле, 185г;Не указан;26299.0;20599.0;Лента;Москва
737088;Паштет рыбный WISH FISH из тунца, 100г;Не указан;11799.0;9499.0;Лента;Москва
731664;Макрель ВКУСНЫЕ КОНСЕРВЫ филе в масле, 140г;Не указан;26699.0;9299.0;Лента;Москва
590315;Икра красная имитированная БАЛТИЙСКИЙ БЕРЕГ, 480г;Не указан;19899.0;13499.0;Лента;Москва
212897;Креветки Королевские варено-мороженые, очищенные с хвостами 41/50, весовые;Не указан;158499.0;;Лента;Москва
547551;Сельдь САНТА БРЕМОР Матиас XXL отборный филе-кусочки с луком в масле, 260г;Не указан;31999.0;28399.0;Лента;Москва
751720;Масляная рыба, стейк (из замороженного сырья), весовая;Не указан;26000.0;18000.0;Лента;Москва
578137;Камбала замороженная POLAR филе порционное, 400г;Не указан;45999.0;37999.0;Лента;Москва
862854;Фарш минтая замороженный BOREALIS блочный, 750г;Не указан;69999.0;;Лента;Москва
343433;Форель подкопченная РУССКОЕ МОРЕ филе-кусок, 200г;Не указан;76899.0;67499.0;Лента;Москва
457009;Тунец МАГУРО натуральный, 200г;Не указан;42199.0;30299.0;Лента;Москва
381516;"Анчоус пряного посола БАЛТИЙСКИЙ БЕРЕГ килька обыкновенная, филе в масле 
с оливками, 145г";Не указан;20199.0;;Лента;Москва
748313;Шпроты ALAND в масле, 160г;Не указан;16299.0;12799.0;Лента;Москва
716095;Форель Радужная слабосоленая РЫБА-РЫБА филе-кусок, 200г;Не указан;52999.0;37999.0;Лента;Москва
14226;Лосось Атлантический ЛЕНТА FRESH филе Премиум, весовой;Не указан;250000.0;120000.0;Лента;Москва
226612;Морской коктейль замороженный ЛЕНТА, 400г;Не указан;37699.0;33699.0;Лента;Москва
300818;Кета Тихоокеанская ЛЕНТА FRESH потрошеная без головы (из замороженного сырья), весовая;Не указан;161998.0;143998.0;Лента;Москва
386594;Путассу замороженная 365 ДНЕЙ неразделанная, 600г;Не указан;9999.0;;Лента;Москва
381512;Крабовые палочки замороженные 365 ДНЕЙ (имитация), 100г;Не указан;4799.0;3499.0;Лента;Москва
868772;Форель радужная ЛЕНТА FRESH потрошеная с головой 1–2кг, Карелия, весовая;Не указан;287998.0;259998.0;Лента;Москва
646339;Икра судака СОКРОВИЩА ОКЕАНА, 120г;Не указан;11799.0;8999.0;Лента;Москва
365612;Морской микс МЕРИДИАН в рассоле, 180г;Не указан;21699.0;14999.0;Лента;Москва
163389;Дорадо ЛЕНТА FRESH 300–600г, весовая;Не указан;43500.0;39000.0;Лента;Москва
440268;Сельдь ЛЕНТА филе в масле, 250г;Не указан;23199.0;15099.0;Лента;Москва
424584;Килька пряного посола 365 ДНЕЙ, 400г;Не указан;12099.0;;Лента;Москва
722403;Сельдь Тихоокеанская слабосоленая РУССКОЕ МОРЕ Бочковая, филе, 230г;Не указан;22799.0;19299.0;Лента;Москва
722542;Горбуша ЛЕНТА в томатном соусе, 240г;Не указан;23199.0;19799.0;Лента;Москва
692158;Форель слабосоленая 365 ДНЕЙ филе-ломтики, 80г;Не указан;20299.0;;Лента;Москва
253365;Хек ЛЕНТА FRESH потрошеный без головы (из замороженного сырья), весовой;Не указан;67499.0;59999.0;Лента;Москва
719286;Паста КРЕМ-ФИШ Снежный краб, 150г;Не указан;11299.0;;Лента;Москва
625547;"Скумбрия Атлантическая пряного посола ЛЕНТА FRESH потрошеная без головы, 
фасованная, весовая";Не указан;38250.0;;Лента;Москва
704727;Горбуша замороженная ЛЕНТА стейк, 430г;Не указан;54299.0;47199.0;Лента;Москва
584348;Скумбрия замороженная ЛЕНТА неразделанная, 800г;Не указан;40999.0;33999.0;Лента;Москва
111013;Рыбные палочки VICI, 500г;Не указан;16399.0;;Лента;Москва
711898;Печень трески Атлантической PREMIUM CLUB натуральная, 115г;Не указан;49099.0;43399.0;Лента;Москва
748387;Морская капуста PAN-ASIAN с ореховым соусом, 250г;Не указан;16699.0;12699.0;Лента;Москва
590980;"Сельдь малосоленая ЛЕНТА FRESH неразделанная, в пряно-солевой заливке, 
весовая";Не указан;17500.0;;Лента;Москва
521434;Шпроты ВКУСНЫЕ КОНСЕРВЫ в масле, 175г;Не указан;23499.0;17199.0;Лента;Москва
716161;Икра сельди ПУТИНА ястычная в пряной заливке, 160г;Не указан;25599.0;;Лента;Москва
354939;Морской коктейль 365 ДНЕЙ в рассоле, 180г;Не указан;22999.0;15499.0;Лента;Москва
529685;Крабовые палочки охлажденные ЛЕНТА (имитация), 500г;Не указан;40199.0;23199.0;Лента;Москва
293428;Салат из морской капусты БАЛТИЙСКИЙ БЕРЕГ Лососевый, 250г;Не указан;20699.0;14399.0;Лента;Москва
227076;Креветки варено-мороженые ЛЕНТА очищенные 200/300, 500г;Не указан;99899.0;83299.0;Лента;Москва
128095;Сельдь VICI К картошке, филе в масле, 240г;Не указан;21099.0;14999.0;Лента;Москва
716678;Скумбрия Дальневосточная ЛЕНТА с добавлением масла, 240г;Не указан;18399.0;14999.0;Лента;Москва
703142;Коктейль из морепродуктов МЕРИДИАН в рассоле, 270г;Не указан;35699.0;23999.0;Лента;Москва
504920;Печень трески ВКУСНЫЕ КОНСЕРВЫ По-мурмански, 185г;Не указан;16099.0;11299.0;Лента;Москва
626065;Кальмар рубленый САНТА БРЕМОР с креветкой, в сливочном соусе, 150г;Не указан;15299.0;10999.0;Лента;Москва
851831;Треска замороженная WISH FISH филе, 500г;Не указан;68399.0;56999.0;Лента;Москва
584893;Салат из морской капусты МЕРИДИАН Дальневосточный, 250г;Не указан;12799.0;9299.0;Лента;Москва
503880;Горбуша-скумбрия ЕВРОПРОМ рубленая, 180г;Не указан;14699.0;;Лента;Москва
509819;Паста КРЕМ-ФИШ Кальмар-креветка, 150г;Не указан;12699.0;;Лента;Москва
722469;Сельдь Тихоокеанская слабосоленая РУССКОЕ МОРЕ Под шубу, филе-кусочки, 400г;Не указан;33299.0;;Лента;Москва
623862;Скумбрия Атлантическая замороженная BOREALIS неразделанная, 1кг;Не указан;70699.0;;Лента;Москва
582441;Лосось PATE LE MARE классический рубленый, 150г;Не указан;14199.0;9999.0;Лента;Москва
765525;Икра горбуши ТРИ КИТА зернистая, 200г;Не указан;208999.0;;Лента;Москва
358318;Крем-паста из морепродуктов САНТА БРЕМОР Антарктик-Криль подкопченный, 150г;Не указан;13199.0;;Лента;Москва
792476;Креветки свежемороженые STELLA DI MARE Лангустин, в панцире без головы 30–55, 450г;Не указан;145499.0;85199.0;Лента;Москва
703241;Мясо мидий Чилийских МЕРИДИАН в рассоле, 270г;Не указан;24799.0;18999.0;Лента;Москва
529300;Печень трески ВКУСНЫЕ КОНСЕРВЫ натуральная, 120г;Не указан;29099.0;24299.0;Лента;Москва
792143;Икра сельди ПУТИНА ястычная в масле, 250г;Не указан;34799.0;;Лента;Москва
387599;Крабовые палочки замороженные ЛЕНТА (имитация), 200г;Не указан;11699.0;9999.0;Лента;Москва
358373;Форель слабосоленая БАЛТИЙСКИЙ БЕРЕГ филе-кусок с кожей, 200г;Не указан;49999.0;37499.0;Лента;Москва
740381;Форель слабосоленая VICI филе-кусок, 200г;Не указан;79099.0;43999.0;Лента;Москва
792523;Икра сельди ПУТИНА Масаго, красная, 45г;Не указан;15199.0;;Лента;Москва
642585;Лосось свежемороженый с головой 2–3кг, весовой;Не указан;349998.0;299998.0;Лента;Москва
717063;Морской гребешок замороженный DELIGHT филе, 185г;Не указан;48499.0;;Лента;Москва
695130;Сельдь ЛЕНТА По-бургундски, филе-кусочки в розовом вине, 400г;Не указан;31999.0;20599.0;Лента;Москва
390833;Сурими палочки VICI, 200г;Не указан;15799.0;11099.0;Лента;Москва
551342;Котлеты рыбные замороженные POLAR в панировке, 425г;Не указан;18899.0;;Лента;Москва
631655;Бычки ВКУСНЫЕ КОНСЕРВЫ в томатном соусе, 240г;Не указан;24199.0;14999.0;Лента;Москва
542326;Скумбрия ВКУСНЫЕ КОНСЕРВЫ Атлантическая натуральная с добавлением масла, 250г;Не указан;22999.0;19599.0;Лента;Москва
429278;Скумбрия Атлантическая холодного копчения VICI крупная, кусочки, 300г;Не указан;42399.0;35399.0;Лента;Москва
662431;Нерка замороженная ЛЕНТА FRESH потрошеная без головы, весовая;Не указан;179999.0;157499.0;Лента;Москва
551345;Горбуша замороженная POLAR филе порционное, 400г;Не указан;58099.0;;Лента;Москва
749711;Печень трески Атлантической ЛЕНТА натуральная, куски, 185г;Не указан;44499.0;34199.0;Лента;Москва
391070;Мидии копченые VICI в масле, 200г;Не указан;27399.0;18199.0;Лента;Москва
866430;Икра горбуши соленая КРАСНОЕ ЗОЛОТО Тихоокеанская зернистая, 300г;Не указан;421799.0;290899.0;Лента;Москва
428044;Крабовые палочки охлажденные 365 ДНЕЙ (имитация), 100г;Не указан;3899.0;;Лента;Москва
680792;Кижуч слабосоленый WISH FISH филе-кусок, 150г;Не указан;32999.0;22499.0;Лента;Москва
163386;Сибас ЛЕНТА FRESH 300–600г, весовой;ЛЕНТА FRESH СП;42000.0;36000.0;Лента;Москва
361261;Наггетсы рыбные замороженные VICI панированные в золотистой корочке, из филе, 350г;VICI;34199.0;;Лента;Москва
679405;Изделия кулинарные национальной японской кухни I LIKE EAT Онигири Филадельфия, 100г;I LIKE EAT;14199.0;;Лента;Москва
590916;"Сельдь специального посола ЛЕНТА FRESH неразделанная, в солевой заливке, 
весовая";ЛЕНТА FRESH СП;17500.0;;Лента;Москва
358319;Крем-паста из морепродуктов САНТА БРЕМОР Антарктик-Криль сливочно-чесночный, 150г;САНТА БРЕМОР;13199.0;;Лента;Москва
578049;Окунь горячего копчения ЛЕНТА FRESH, весовой;ЛЕНТА FRESH;29400.0;;Лента;Москва
698609;Навага свежемороженая ЛЕНТА неразделанная, 800г;ЛЕНТА;31099.0;24799.0;Лента;Москва
191284;Карп ЛЕНТА FRESH живой, весовой;ЛЕНТА FRESH СП;54999.0;;Лента;Москва
743668;Сельдь РУССКОЕ МОРЕ Исландка, филе-кусочки в винной заливке Шерри, 115г;РУССКОЕ МОРЕ;15299.0;;Лента;Москва
675016;Масло лососевое САНТА БРЕМОР Бутербродное, 100г;САНТА БРЕМОР;7699.0;;Лента;Москва
5083;Сайра Тихоокеанская натуральная, 230/250г;PL Lenta TempSubst;19099.0;;Лента;Москва
746299;Салака замороженная ЛЕНТА неразделанная, 500г;ЛЕНТА;28799.0;21899.0;Лента;Москва
193020;Салат из морской капусты 365 ДНЕЙ Крабовый в соусе с ароматом краба, 400г;365 ДНЕЙ;15899.0;;Лента;Москва
746803;Форель Радужная слабосоленая КЕТУС филе-кусок, 130г;КЕТУС;37499.0;31999.0;Лента;Москва
657949;Сельдь слабосоленая BONVIDA филе в масле, 780г;BONVIDA;56999.0;44499.0;Лента;Москва
81196;Форель слабосоленая РУССКОЕ МОРЕ филе-ломтики, 120г;РУССКОЕ МОРЕ;62799.0;39899.0;Лента;Москва
713906;Рулет крабовый ЛЕНТА, 300г;ЛЕНТА;21899.0;16099.0;Лента;Москва
117247;Сельдь холодного копчения, филе, весовая;Прочие Товары;27000.0;;Лента;Москва
527849;Скумбрия Атлантическая пряного посола ЛЕНТА нарезанная, 280г;ЛЕНТА;44499.0;34199.0;Лента;Москва
233159;Мидии варено-мороженые AGAMA в створках, в собственном соку, 450г;AGAMA;42999.0;;Лента;Москва
111742;Килька Балтийская пряного посола БАЛТИЙСКИЙ БЕРЕГ, 400г;БАЛТИЙСКИЙ БЕРЕГ;14299.0;;Лента;Москва
504921;Тунец натуральный ВКУСНЫЕ КОНСЕРВЫ филе, 185г;ВКУСНЫЕ КОНСЕРВЫ;26699.0;19199.0;Лента;Москва
570519;Сельдь маринованная ЛЕНТА филе, 150г;ЛЕНТА;20699.0;16099.0;Лента;Москва
715928;Форель слабосоленая WISH FISH филе-ломтики, 100г;WISH FISH;48299.0;29899.0;Лента;Москва
79570;Лосось ЛЕНТА FRESH с головой 3–8кг, весовой;ЛЕНТА FRESH СП;929997.0;449997.0;Лента;Москва
57658;Салат из морской капусты 365 ДНЕЙ Витаминный, 400г;365 ДНЕЙ;11499.0;;Лента;Москва
326670;Икра лососевая КРАСНОЕ ЗОЛОТО зернистая 1-й сорт, 230г;КРАСНОЕ ЗОЛОТО;335999.0;239699.0;Лента;Москва
218704;Сельдь VICI К картошке филе-кусочки в масле, 150г;VICI;10999.0;;Лента;Москва
703698;Килька холодного копчения БАЛТИЙСКИЙ БЕРЕГ, 200г;БАЛТИЙСКИЙ БЕРЕГ;15999.0;14199.0;Лента;Москва
610438;Семга слабосоленая РУССКОЕ МОРЕ филе-кусок, 200г;РУССКОЕ МОРЕ;83299.0;65299.0;Лента;Москва
570314;Сельдь маринованная ЛЕНТА филе с пряностями, 150г;ЛЕНТА;20899.0;16299.0;Лента;Москва
715030;Масляная рыба холодного копчения 365 ДНЕЙ филе-кусок, 150г;365 ДНЕЙ;29399.0;;Лента;Москва
710811;Паста рыбная САНТА БРЕМОР Краб в сливочном соусе с мясом крабовым (имитация), 150г;САНТА БРЕМОР;11199.0;;Лента;Москва
560076;Сельдь БАЛТИЙСКИЙ БЕРЕГ По-царски, филе-кусочки в масле, 400г;БАЛТИЙСКИЙ БЕРЕГ;33099.0;22299.0;Лента;Москва
590594;Крабовые палочки РУССКОЕ МОРЕ Краб-ролл с сыром, имитация, 180г;РУССКОЕ МОРЕ;16999.0;13299.0;Лента;Москва
748458;Морская капуста PAN-ASIAN с кунжутным маслом, 250г;PAN-ASIAN;16699.0;12699.0;Лента;Москва
769363;Салат из морской капусты МОРСКОЕ СОДРУЖЕСТВО Дальневосточный, 220г;МОРСКОЕ СОДРУЖЕСТВО;11699.0;8199.0;Лента;Москва
21;Горбуша натуральная, 240г;PL Lenta TempSubst;18199.0;;Лента;Москва
338129;Сельдь 365 ДНЕЙ филе-кусочки в масле, 150г;365 ДНЕЙ;8799.0;;Лента;Москва
354867;Мидии 365 ДНЕЙ в рассоле, 180г;365 ДНЕЙ;20299.0;16299.0;Лента;Москва
590595;Крабовые палочки РУССКОЕ МОРЕ Краб-ролл с сыром и зеленью, имитация, 180г;РУССКОЕ МОРЕ;16399.0;14699.0;Лента;Москва
554057;Кета замороженная ЛЕНТА FRESH потрошеная без головы, весовая;ЛЕНТА FRESH;170998.0;142498.0;Лента;Москва
665936;Тунец PREMIUM CLUB в собственном соку, рубленый, 185г;PREMIUM CLUB;26299.0;21699.0;Лента;Москва
606224;Креветки VICI очищенные в рассоле, 180г;VICI;34199.0;29099.0;Лента;Москва
768296;Икра рыбная ПУТИНА с копченым лососем, 160г;ПУТИНА;16399.0;12899.0;Лента;Москва
768295;Икра рыбная ПУТИНА с креветкой, 160г;ПУТИНА;16599.0;12999.0;Лента;Москва
695323;Икра красная имитированная 365 ДНЕЙ, 200г;365 ДНЕЙ;4699.0;;Лента;Москва
172283;Судак, филе без кожи, весовой;Прочие Товары;60000.0;55000.0;Лента;Москва
80506;Карп ЛЕНТА FRESH непотрошеный, весовой;ЛЕНТА FRESH СП;62999.0;49999.0;Лента;Москва
717223;Сельдь Тихоокеанская слабосоленая РУССКОЕ МОРЕ Селедочка По-домашнему, филе-кусочки в масле, 400г;РУССКОЕ МОРЕ;31999.0;27999.0;Лента;Москва
361938;Кижуч Тихоокеанский ЛЕНТА FRESH потрошеный без головы (из замороженного сырья), весовой;ЛЕНТА FRESH СП;167998.0;143998.0;Лента;Москва
679156;Изделия кулинарные национальной японской кухни I LIKE EAT Онигири с форелью спайси, 100г;I LIKE EAT;13999.0;;Лента;Москва
695129;Сельдь ЛЕНТА По-мексикански, филе-кусочки в майонезе, 400г;ЛЕНТА;32499.0;20899.0;Лента;Москва
441775;Икра сельди соленая, ястычная в масле, весовая;Прочие Товары;36000.0;30000.0;Лента;Москва
574005;Зубатка замороженная ЛЕНТА стейк, 800г;ЛЕНТА;62699.0;52499.0;Лента;Москва
481080;Форель морская INARCTICA потрошеная с головой 3–8кг, весовая;INARCTICA;1299196.0;716796.0;Лента;Москва
627570;Паста из тресковых рыб САНТА БРЕМОР Фиш-мусс, с кальмаром и креветкой, 140г;САНТА БРЕМОР;12299.0;9999.0;Лента;Москва
457887;Мидии варено-мороженые ЛЕНТА, 400г;ЛЕНТА;45599.0;37699.0;Лента;Москва
730073;Креветки северные варено-мороженые 120/150, 2,5кг;Прочие Товары;291599.0;163699.0;Лента;Москва
743159;Паштет ХАМЕ Лосось, 80г;ХАМЕ;20699.0;10999.0;Лента;Москва
4135;Сардина в масле, 230г;PL Lenta TempSubst;10999.0;;Лента;Москва
705965;Крабовое мясо 365 ДНЕЙ, 200г;365 ДНЕЙ;7699.0;;Лента;Москва
609191;Горбуша горячего копчения РУССКОЕ МОРЕ без головы, 500г;РУССКОЕ МОРЕ;66699.0;;Лента;Москва
381511;Крабовое мясо замороженное 365 ДНЕЙ (имитация), 200г;365 ДНЕЙ;7399.0;;Лента;Москва
517735;Килька Балтийская пряного посола ЛЕНТА, 800г;ЛЕНТА;31399.0;24999.0;Лента;Москва
526892;Риет ЛЕНТА Классический из горбуши и кеты, 180г;ЛЕНТА;22099.0;17399.0;Лента;Москва
885408;Мойва Дальневосточная замороженная WISH FISH неразделанная, 500г;WISH FISH;49099.0;41099.0;Лента;Москва
652687;Тунец ВКУСНЫЕ КОНСЕРВЫ натуральный рубленый, 185г;ВКУСНЫЕ КОНСЕРВЫ;26499.0;18399.0;Лента;Москва
91242;Лосось Атлантический слабосоленый ЛЕНТА FRESH филе (нарезка), весовой;ЛЕНТА FRESH СП;110000.0;75998.0;Лента;Москва
879869;Форель холодного копчения ЛЕНТА филе-ломтики, 80г;ЛЕНТА;29299.0;23399.0;Лента;Москва
105322;Икра лососевая ПУТИНА Очень нежная, зернистая 1-й сорт, 220г;ПУТИНА;302399.0;226299.0;Лента;Москва
703392;Икра горбуши PREMIUM CLUB, 170г;PREMIUM CLUB;291099.0;171399.0;Лента;Москва
748197;Креветки Королевские WISH FISH в рассоле, очищенные с хвостом, 200г;WISH FISH;41099.0;33099.0;Лента;Москва
703143;Паста для бутербродов МЕРИДИАН с тунцом, 140г;МЕРИДИАН;16299.0;11099.0;Лента;Москва
583117;Риет из горбуши 365 ДНЕЙ, 150г;365 ДНЕЙ;8099.0;;Лента;Москва
362191;Форель холодного копчения ЛЕНТА филе-кусок, 200г;ЛЕНТА;74099.0;49099.0;Лента;Москва
457571;Нерка слабосоленая ЛЕНТА FRESH филе на коже, весовая;Не указан;66000.0;60000.0;Лента;Москва
886064;Лосось Атлантический неразделанный, весовой;Не указан;239998.0;199998.0;Лента;Москва
627494;Паста из тресковых рыб САНТА БРЕМОР Фиш-мусс, с лососем, 140г;Не указан;12299.0;9699.0;Лента;Москва
715620;Морской коктейль замороженный IQF, 500г;Не указан;30799.0;;Лента;Москва
714875;Масляная рыба холодного копчения 365 ДНЕЙ филе-ломтики, 120г;Не указан;27999.0;;Лента;Москва
689389;Креветки Королевские варено-мороженые PREMIUM CLUB очищенные с хвостиком 40/50, 500г;Не указан;139899.0;100799.0;Лента;Москва
104488;Горбуша горячего копчения, весовая;Не указан;75999.0;69599.0;Лента;Москва
728454;Мидии ЛЕНТА в масле с пряностями Брушетта, с добавлением оливкового масла, 200г;Не указан;28199.0;24199.0;Лента;Москва
695131;Сельдь ЛЕНТА Матье, филе-кусочки с дымком в масле, 400г;Не указан;31999.0;20599.0;Лента;Москва
494911;Форель горячего копчения ФОРЕЛЬ НА СВИРИ, весовая;Не указан;178199.0;;Лента;Москва
729991;Икра лососевая ВЫБОР СЕМЬИ структурированная имитированная, 95г;Не указан;17299.0;12699.0;Лента;Москва
665935;Тунец PREMIUM CLUB в масле, кусочки, 185г;Не указан;26299.0;21699.0;Лента;Москва
725577;Креветки свежемороженые BONASUR Лангустин в панцире без головы 30/55, 2кг;Не указан;399499.0;276399.0;Лента;Москва
695147;Форель Радужная холодного копчения ЛЕНТА FRESH тушка, весовая;Не указан;100000.0;85000.0;Лента;Москва
701354;Нерка замороженная Тихоокеанская, стейк, весовая;Не указан;169999.0;129999.0;Лента;Москва
484730;Треска теша филе, весовая;Не указан;30800.0;28000.0;Лента;Москва
749203;Крабовые палочки РУССКОЕ МОРЕ Салатные, имитация, 400г;Не указан;23999.0;19399.0;Лента;Москва
440270;Сельдь ЛЕНТА филе в масле с пряностями, 250г;Не указан;23599.0;15399.0;Лента;Москва
871660;Сельдь слабосоленая ЛЕНТА неразделанная в маринаде, 1кг;Не указан;35099.0;31599.0;Лента;Москва
741161;Паста САНТА БРЕМОР Сальса, из мяса мидий, 150г;Не указан;15099.0;10099.0;Лента;Москва
241186;"Анчоус пряного посола БАЛТИЙСКИЙ БЕРЕГ килька обыкновенная, филе в 
масле, 145г";Не указан;19999.0;;Лента;Москва
719761;Килька Каспийская LAATSA обжаренная в остром томатном соусе с чили, 240г;Не указан;13999.0;9799.0;Лента;Москва
459423;Скумбрия Атлантическая холодного копчения VICI крупная, кусочки, 480г;Не указан;64499.0;53999.0;Лента;Москва
637338;Палтус холодного копчения ЛЕНТА FRESH тушка, весовой;Не указан;42000.0;;Лента;Москва
598641;Горбуша холодного копчения ЛЕНТА FRESH балык, весовая;Не указан;77999.0;;Лента;Москва
141388;Скумбрия холодного копчения без головы, весовая;Не указан;47000.0;42000.0;Лента;Москва
745690;Икра минтая соленая ЛЕНТА пробойная, 120г;Не указан;20099.0;12999.0;Лента;Москва
720438;Кальмар и снежный краб в чесночном соусе, 300г;Не указан;28499.0;25099.0;Лента;Москва
670032;Макрель PREMIUM CLUB в масле, кусочки, 425г;Не указан;29699.0;21699.0;Лента;Москва
704933;Судак замороженный WISH FISH филе, 500г;Не указан;73499.0;57099.0;Лента;Москва
692681;Горбуша холодного копчения БАЛТИЙСКИЙ БЕРЕГ кусочки, 200г;Не указан;39399.0;;Лента;Москва
440269;Сельдь ЛЕНТА филе в масле с укропом, 250г;Не указан;23599.0;15399.0;Лента;Москва
628723;Кальмар Гигантский горячего копчения ЛЕНТА FRESH филе, фасованный,  весовой;Не указан;68000.0;;Лента;Москва
342989;Нерка Тихоокеанская ЛЕНТА FRESH стейк (из замороженного сырья), весовая;Не указан;70000.0;65000.0;Лента;Москва
448320;Кета холодного копчения РУССКОЕ МОРЕ филе-кусок, 150г;Не указан;31199.0;;Лента;Москва
749204;Икра сельди пряного посола РУССКОЕ МОРЕ К картошке, в масляной заливке, 150г;Не указан;22999.0;;Лента;Москва
719827;Клемы Вонголе варено-мороженые, в раковине, 500г;Не указан;45099.0;38799.0;Лента;Москва
277414;Сельдь МЕРИДИАН филе-кусочки в масле, 175г;Не указан;15899.0;;Лента;Москва
12187;Тунец FORTUNA кусочки в масле, 185г;Не указан;37199.0;21399.0;Лента;Москва
556126;Ассорти из морепродуктов ЛЕНТА в рассоле, 300г;Не указан;39899.0;30799.0;Лента;Москва
731035;Тилапия свежемороженая ЛЕНТА филе, 500г;Не указан;62199.0;47499.0;Лента;Москва
430460;Кета слабосоленая 365 ДНЕЙ филе-кусок, 130г;Не указан;27299.0;23199.0;Лента;Москва
690414;Онигири I LIKE EAT с тунцом, 100г;Не указан;16199.0;;Лента;Москва
633246;Кижуч замороженный Тихоокеанский ЛЕНТА FRESH стейк, весовой;Не указан;159999.0;139999.0;Лента;Москва
741202;Паста САНТА БРЕМОР с тунцом и лососем, 140г;Не указан;11399.0;;Лента;Москва
695132;Сельдь ЛЕНТА Матье, филе-кусочки с укропом в масле, 400г;Не указан;32499.0;20899.0;Лента;Москва
687154;Коктейль из морепродуктов РУССКОЕ МОРЕ Морской микс, в заливке, 300г;Не указан;30799.0;28499.0;Лента;Москва
748254;Икра рыбная ЛЕНТА с морской капустой и крабовым мясом, в соусе, 180г;Не указан;16599.0;11799.0;Лента;Москва
14426;Лосось слабосоленый ЛЕНТА FRESH филе, весовой;Не указан;162000.0;117000.0;Лента;Москва
227074;Минтай замороженный ЛЕНТА филе, 800г;Не указан;67899.0;54099.0;Лента;Москва
746573;Салака ОКЕАН неразделанная в пряно-солевой заливке, весовая;Не указан;13110.0;;Лента;Москва
689382;Килька неразделанная, в томатном соусе, 240г;Не указан;4499.0;;Лента;Москва
730081;Сельдь ЛЕНТА Тихоокеанская, натуральная с добавлением масла, 240г;Не указан;12899.0;10599.0;Лента;Москва
866321;Тунец замороженный, стейк филе, 500г;Не указан;87199.0;;Лента;Москва
740883;Форель Радужная слабосоленая подкопченная РУССКОЕ МОРЕ филе-кусок, 150г;Не указан;55899.0;45599.0;Лента;Москва
341726;Нерка слабосоленая МЕРИДИАН ломтики, 120г;Не указан;40399.0;;Лента;Москва
723683;Форель слабосоленая РУССКОЕ МОРЕ филе-кусок, 200г;Не указан;87699.0;61999.0;Лента;Москва
700649;Икра рыбная слабосоленая БАЛТИЙСКИЙ БЕРЕГ Creme Le Mare, в соусе с кунжутом и соевым соусом, 165г;Не указан;19599.0;14199.0;Лента;Москва
545701;Форель слабосоленая БАЛТИЙСКИЙ БЕРЕГ филе-кусок, 150г;Не указан;42499.0;;Лента;Москва
695191;Сельдь слабосоленая 365 ДНЕЙ филе в масле, 200г;Не указан;13999.0;;Лента;Москва
710220;Кальмар PREMIUM CLUB щупальца в рассоле, 300г;Не указан;45599.0;37699.0;Лента;Москва
633518;Риет подкопченный ЛЕНТА из горбуши, кеты и скумбрии, 180г;Не указан;22099.0;17399.0;Лента;Москва
710832;Креветки северные варено-мороженые AURORA неразделанные 200+, 400г;Не указан;29499.0;27999.0;Лента;Москва
708910;Печень трески Атлантической ТЕРНЕС натуральная, 120г;Не указан;37399.0;28799.0;Лента;Москва
672338;Морской гребешок Дальневосточный замороженный PREMIUM CLUB филе, 250г;Не указан;145499.0;111999.0;Лента;Москва
672760;Форель подкопченная РУССКОЕ МОРЕ филе-кусок, 300г;Не указан;108499.0;93799.0;Лента;Москва
687155;Креветки РУССКОЕ МОРЕ мясо в заливке, 300г;Не указан;51299.0;32999.0;Лента;Москва
94;Паштет шпротный, 160г;Не указан;6299.0;;Лента;Москва
675461;Ассорти рыбное холодного копчения ЛЕНТА, 100г;Не указан;36799.0;28799.0;Лента;Москва
670030;Макрель PREMIUM CLUB в собственном соку, кусочки, 425г;Не указан;29699.0;21699.0;Лента;Москва
721135;Килька Каспийская LAATSA По-мексикански, неразделанная обжаренная с овощами в томатном соусе, 240г;Не указан;16999.0;9999.0;Лента;Москва
536295;Сурими мясо VICI, 200г;Не указан;15799.0;12499.0;Лента;Москва
698581;Хек свежемороженый ЛЕНТА тушка, 900г;Не указан;60399.0;49899.0;Лента;Москва
700525;Икра рыбная слабосоленая БАЛТИЙСКИЙ БЕРЕГ Creme Le Mare, в соусе с рубленным слабосоленым лососем и творожным сыром, 165г;Не указан;23799.0;14799.0;Лента;Москва
884183;Икра лососевая WISH FISH лопающаяся имитированная, 420г;Не указан;17699.0;14199.0;Лента;Москва
708761;Крабовые палочки замороженные 365 ДНЕЙ, 200г;Не указан;8599.0;;Лента;Москва
309167;Мидии МЕРИДИАН в рассоле, 430г;Не указан;39899.0;27399.0;Лента;Москва
556317;Печень трески КАПИТАН ВКУСОВ натуральная, 115г;Не указан;38599.0;27199.0;Лента;Москва
881774;Семга слабосоленая ЛЕНТА филе-кусок, 130г;Не указан;55399.0;49799.0;Лента;Москва
583721;Креветка MARE рубленая, в сливочно-чесночном соусе, 150г;Не указан;16699.0;;Лента;Москва
725676;"Форель охлажденная ОСТРОВ Горная Осетия потрошеная с головой 1,5кг+, 
весовая";Не указан;215539.0;160159.0;Лента;Москва
522081;Путассу холодного копчения ОКЕАН без головы, весовая;Не указан;28000.0;;Лента;Москва
722405;Сельдь Тихоокеанская слабосоленая РУССКОЕ МОРЕ Селедочка аппетитная, филе в масле, 230г;Не указан;20699.0;18399.0;Лента;Москва
246583;Коктейль из морепродуктов МЕРИДИАН с пряностями Мехико в масле, 430г;Не указан;60499.0;34999.0;Лента;Москва
339119;Сельдь слабосоленая 365 ДНЕЙ, весовая;Не указан;13800.0;;Лента;Москва
387601;Крабовое мясо замороженное ЛЕНТА (имитация), 400г;Не указан;29699.0;22799.0;Лента;Москва
450697;Зубатка пестрая, кусок, весовая;Не указан;40000.0;35000.0;Лента;Москва
746804;Форель Радужная слабосоленая ОКЕАН филе-кусок, 150г;Не указан;50099.0;39099.0;Лента;Москва
503881;Горбуша-скумбрия ЕВРОПРОМ с чесноком рубленая, 180г;Не указан;14699.0;;Лента;Москва
6349;Сельдь натуральная в масле, 240г;PL Lenta TempSubst;7399.0;;Лента;Москва
272276;Сельдь МЕРИДИАН Дингли филе-кусочки в красном вине, 115г;МЕРИДИАН;15699.0;10699.0;Лента;Москва
565731;Палтус замороженный FISH & MORE филе без кожи, 500г;FISH & MORE;53499.0;;Лента;Москва
115982;Крабовые палочки МЕРИДИАН (имитация), 200г;МЕРИДИАН;20699.0;12699.0;Лента;Москва
771074;Шпроты ЗНАК КАЧЕСТВА в масле, из салаки, 160г;ЗНАК КАЧЕСТВА;20699.0;16099.0;Лента;Москва
765524;Икра нерки ГУРМАН зернистая, 200г;ГУРМАН;246399.0;212799.0;Лента;Москва
452479;Ассорти из морепродуктов варено-мороженное VICI с изделиями формованными из сурими, весовое;ЧТМ fantasy brands;39350.0;34200.0;Лента;Москва
551689;Клешни маленького краба маринованные копченые VICI с пряностями (имитация), 360г;VICI;39899.0;25299.0;Лента;Москва
370261;Горбуша слабосоленая 365 ДНЕЙ филе-ломтики, 150г;365 ДНЕЙ;34799.0;26699.0;Лента;Москва
577285;"Килька Каспийская ЗНАК КАЧЕСТВА в томатном соусе, неразделанная 
обжаренная, 240г";ЗНАК КАЧЕСТВА;12899.0;7999.0;Лента;Москва
866320;Тунец замороженный, кусочки филе, 500г;ЧТМ fantasy brands;88799.0;;Лента;Москва
711104;Паста для бутербродов МЕРИДИАН Снежный краб, 140г;МЕРИДИАН;15099.0;12799.0;Лента;Москва
556125;Ассорти из морепродуктов ЛЕНТА в масле, 300г;ЛЕНТА;38799.0;33099.0;Лента;Москва
514721;Сельдь МЕРИДИАН Скандинавская филе-кусочки в горчичном соусе, 150г;МЕРИДИАН;21699.0;;Лента;Москва
554629;Палтус ЛЕНТА FRESH потрошеный без головы (из замороженного сырья), весовой;ЛЕНТА FRESH СП;143999.0;119999.0;Лента;Москва
746001;Икра трески соленая ЛЕНТА пробойная, 120г;ЛЕНТА;19899.0;14699.0;Лента;Москва
568351;Дорадо 600–800г, весовая;Прочие Товары;89999.0;83999.0;Лента;Москва
546981;Кальмар MARE в сливочно-чесночном соусе, рубленый, 150г;MARE;18799.0;12499.0;Лента;Москва
749202;Крабовые палочки РУССКОЕ МОРЕ Краб-ролл с сыром, имитация, 50г;РУССКОЕ МОРЕ;5799.0;;Лента;Москва
357380;Мясо криля УЛЬТРАМАРИН натуральное, 105г;УЛЬТРАМАРИН;24799.0;;Лента;Москва
526893;Риет ЛЕНТА с чесноком из горбуши и кеты, 180г;ЛЕНТА;22099.0;17399.0;Лента;Москва
457010;Тунец МАГУРО бланшированный в оливковом масле, 200г;МАГУРО;42599.0;29999.0;Лента;Москва
657950;Сельдь BONVIDA филе-кусочки в масле, 780г;BONVIDA;77599.0;53599.0;Лента;Москва
792488;Ряпушка горячего копчения ЛИСИЙ НОС, 250г;ЛИСИЙ НОС;46299.0;28099.0;Лента;Москва
744264;Язь ЛЕГЕНДА ЯМАЛА натуральный с добавлением масла, 227г;ЛЕГЕНДА ЯМАЛА;14199.0;;Лента;Москва
700602;Икра рыбная слабосоленая БАЛТИЙСКИЙ БЕРЕГ Creme Le Mare, в соусе с томатами и жареным луком, 165г;БАЛТИЙСКИЙ БЕРЕГ;19599.0;14199.0;Лента;Москва
264584;Икра лососевая КРАСНОЕ ЗОЛОТО 1-й сорт, 500г;КРАСНОЕ ЗОЛОТО;665999.0;549899.0;Лента;Москва
333439;Нерка Тихоокеанская ЛЕНТА FRESH потрошеная без головы (из замороженного сырья), весовая;ЛЕНТА FRESH СП;194999.0;179999.0;Лента;Москва
686393;"Сельдь Тихоокеанская БАЛТИЙСКИЙ БЕРЕГ По-царски, филе-кусочки в масле с 
укропом, 400г";БАЛТИЙСКИЙ БЕРЕГ;35099.0;30499.0;Лента;Москва
670035;Сардины PREMIUM CLUB в масле с лимоном, кусочки, 125г;PREMIUM CLUB;17099.0;13699.0;Лента;Москва
578268;Шпроты в масле, 160г;PL Lenta TempSubst;9299.0;;Лента;Москва
115988;Горбуша копчено-вяленая МЕРИДИАН Премиум соломка, 80г;МЕРИДИАН;36999.0;;Лента;Москва
703240;Коктейль из морепродуктов МЕРИДИАН в масле, 270г;МЕРИДИАН;39099.0;25099.0;Лента;Москва
769453;Сельдь VICI По-корейски, филе-кусочки в соусе кимчи, 200г;VICI;22299.0;14999.0;Лента;Москва
713555;Паштет рыбный ХАМЕ Тунец, 80г;ХАМЕ;20599.0;12899.0;Лента;Москва
887642;Масляная рыба холодного копчения WISH FISH с травами, филе-ломтики, 100г;WISH FISH;35899.0;22399.0;Лента;Москва
665937;Тунец PREMIUM CLUB в масле, рубленый, 185г;PREMIUM CLUB;26299.0;21699.0;Лента;Москва
715767;Коктейль из мидий подкопченных MARE Оливковый Валенсия, в масле с томатами и пряными травами, 150г;MARE;22499.0;18299.0;Лента;Москва
509821;Паста КРЕМ-ФИШ Горбуша-скумбрия, 150г;КРЕМ-ФИШ;14199.0;;Лента;Москва
710345;Крабовые палочки замороженные ЛЕНТА имитация, 400г;ЛЕНТА;29899.0;22999.0;Лента;Москва
390417;Скумбрия Атлантическая холодного копчения РУССКОЕ МОРЕ без головы, 300г;РУССКОЕ МОРЕ;40999.0;;Лента;Москва
740469;Ветчина крабовая БАЛТИЙСКИЙ БЕРЕГ имитация, 250г;БАЛТИЙСКИЙ БЕРЕГ;24599.0;16999.0;Лента;Москва
578298;Кальмар замороженный POLAR кольца, 500г;POLAR;70599.0;;Лента;Москва
712491;Наггетсы тресковые POLAR Медвежонок, в панировке, 300г;POLAR;21099.0;18199.0;Лента;Москва
440453;Треска, филе (лойн), весовая;Прочие Товары;105000.0;95000.0;Лента;Москва
66407;Минога жареная ЛИСИЙ НОС в маринаде, 200г;ЛИСИЙ НОС;55099.0;;Лента;Москва
8173;Креветки варено-мороженые POLAR в панцире 70/90, 1000г;POLAR;157699.0;124899.0;Лента;Москва
365613;Морской микс МЕРИДИАН в масле, 180г;МЕРИДИАН;23799.0;20999.0;Лента;Москва
81197;Семга слабосоленая РУССКОЕ МОРЕ филе-ломтики, 120г;РУССКОЕ МОРЕ;63799.0;;Лента;Москва
740991;Анчоус DELICIUS филе в подсолнечном масле, 90г;DELICIUS;77699.0;55699.0;Лента;Москва
751083;Суши-сэндвич с лососем, 240г;ЛЕНТА FRESH;29999.0;;Лента;Москва
517272;Эсколар (масляная рыба) холодного копчения БАЛТИЙСКИЙ БЕРЕГ филе-кусок с кожей, 200г;БАЛТИЙСКИЙ БЕРЕГ;50399.0;;Лента;Москва
239647;Креветки Королевские варено-мороженые VICI в панцире 30/40, 1000г;VICI;193999.0;134399.0;Лента;Москва
745302;Треска Атлантическая FISH&MORE филе-кусок без кожи, 400г;FISH&MORE;126599.0;100799.0;Лента;Москва
741119;Угорь жареный ШИФУДО филе в соусе терияки, 440г;ШИФУДО;139999.0;96899.0;Лента;Москва
792207;Сибас свежемороженый неразделанный с головой 400–600г, весовой;Прочие Товары;53999.0;50999.0;Лента;Москва
428532;Хек замороженный ЛЕНТА филе, 800г;ЛЕНТА;81199.0;69599.0;Лента;Москва
611185;Сельдь Атлантическая слабосоленая САНТА БРЕМОР Матиас XXL Отборный, филе-кусочки в масле, 400г;САНТА БРЕМОР;51899.0;45099.0;Лента;Москва
526894;Икра лососевая ЛЕНТА зернистая, 1-й сорт, 140г;ЛЕНТА;179099.0;125499.0;Лента;Москва
557199;Сельдь МЕРИДИАН филе-кусочки в масле, 480г;МЕРИДИАН;45599.0;37699.0;Лента;Москва
637612;Сардина холодного копчения РЫБНЫЙ ДВОР, весовая;РЫБНЫЙ ДВОР;21500.0;;Лента;Москва
710122;Паштет рыбный FISH POINT из филе горбуши, 80г;FISH POINT;15099.0;13399.0;Лента;Москва
744263;Ряпушка Сибирская ЛЕГЕНДА ЯМАЛА натуральная с добавлением масла, 227г;ЛЕГЕНДА ЯМАЛА;23299.0;;Лента;Москва
573020;Печень минтая По-приморски, 240г;PL Lenta TempSubst;11699.0;;Лента;Москва
686392;Сельдь Тихоокеанская БАЛТИЙСКИЙ БЕРЕГ По-царски, филе-кусочки в масле с ароматом дыма, 400г;БАЛТИЙСКИЙ БЕРЕГ;36899.0;27499.0;Лента;Москва
670031;Макрель PREMIUM CLUB в томатном соусе, кусочки, 425г;PREMIUM CLUB;29899.0;21899.0;Лента;Москва
862167;Икра горбуши соленая ПУТИНА лососевая зернистая, 240г;ПУТИНА;366299.0;277499.0;Лента;Москва
745340;Зубатка полосатая свежемороженая FISH&MORE филе без кожи, 400г;FISH&MORE;80099.0;57999.0;Лента;Москва
14229;Форель ЛЕНТА FRESH стейк, весовая;ЛЕНТА FRESH СП;175000.0;95000.0;Лента;Москва
751082;Суши-сэндвич Снежный краб, 250г;ЛЕНТА FRESH;18999.0;;Лента;Москва
715709;Сельдь БАЛТИЙСКИЙ БЕРЕГ По-царски, филе в масле с укропом, 400г;БАЛТИЙСКИЙ БЕРЕГ;30099.0;23899.0;Лента;Москва
699833;Тунец полосатый МАГУРО филе в соусе Оливки-орегано с маслом, 200г;МАГУРО;44699.0;32199.0;Лента;Москва
710121;Паштет рыбный FISH POINT из филе тунца полосатого, 80г;FISH POINT;15099.0;13399.0;Лента;Москва
743510;Окунь морской замороженный НОВАЯ АЛЯСКА филе на коже, 500г;НОВАЯ АЛЯСКА;97199.0;81399.0;Лента;Москва
736267;Хек замороженный ВКУСАРТ медальон, 400г;ВКУСАРТ;60999.0;55199.0;Лента;Москва
374570;Кальмар замороженный AQUA PRODUKT соломка, 400г;AQUA PRODUKT;58799.0;40399.0;Лента;Москва
743790;Треска Атлантическая замороженная НОВАЯ АЛЯСКА филе порционное без кожи, 400г;НОВАЯ АЛЯСКА;86699.0;71899.0;Лента;Москва
505629;Сельдь Тихоокеанская VICI По-скандинавски, филе в масле, 240г;VICI;23999.0;15999.0;Лента;Москва
703348;Паста для бутербродов МЕРИДИАН с креветками в сливочном соусе, 140г;Не указан;21099.0;18799.0;Лента;Москва
862208;Икра горбуши ТРИ КИТА зернистая, 400г;Не указан;490499.0;;Лента;Москва
703404;Икра кеты PREMIUM CLUB, 170г;Не указан;291099.0;217299.0;Лента;Москва
774219;Горбуша Тихоокеанская РЫБНЫЙ СТАНДАРТ №1 натуральная, 240г;Не указан;33399.0;23599.0;Лента;Москва
726916;Икра форели PREMIUM CLUB, 100г;Не указан;134399.0;101699.0;Лента;Москва
769452;Сельдь VICI По-французски, филе-кусочки с дижонской горчицей, 200г;Не указан;22499.0;15999.0;Лента;Москва
538700;Форель сушеная, паутинка, весовая;Не указан;42900.0;;Лента;Москва
451164;Мидии копченые ЛЕНТА в масле с чесноком и зеленью, 380г;Не указан;53199.0;44099.0;Лента;Москва
333398;Икра лососевая ПУТИНА зернистая, 330г;Не указан;554999.0;328599.0;Лента;Москва
888669;Кальмар WISH FISH щупальца в рассоле, 300г;Не указан;44799.0;36999.0;Лента;Москва
673054;Треска свежемороженая ЛЕНТА без головы, 800г;Не указан;55499.0;47199.0;Лента;Москва
450631;Ассорти из морепродуктов варено-мороженное VICI с изделиями формованными (имитация из сурими), 450г;Не указан;54799.0;32899.0;Лента;Москва
711086;Мидии МИЛЕГРИН в пряно-томатном соусе, 285г;Не указан;40599.0;32499.0;Лента;Москва
278316;Форель слабосоленая МЕРИДИАН ломтики, 120г;Не указан;42899.0;;Лента;Москва
862209;Икра кеты ТРИ КИТА зернистая, 400г;Не указан;534099.0;;Лента;Москва
113078;Икра лососевая ТУНГУТУН зернистая, 1-й сорт, 140г;Не указан;115899.0;;Лента;Москва
191570;Вобла вяленая, весовая;Не указан;29700.0;;Лента;Москва
79023;Плотва вяленая, весовая;Не указан;18000.0;;Лента;Москва
862213;Креветки северные варено-мороженые ШИФУДО 150+, 4кг;Не указан;387199.0;;Лента;Москва
374571;Кальмар замороженный AQUA PRODUKT кольца, 400г;Не указан;62699.0;41099.0;Лента;Москва
104748;Камбала холодного копчения, весовая;Не указан;39500.0;;Лента;Москва
18194;Семга подкопченная РУССКОЕ МОРЕ филе-кусок, 300г;Не указан;147399.0;131999.0;Лента;Москва
233695;Икра горбуши РУССКОЕ МОРЕ зернистая, 310г;Не указан;359699.0;;Лента;Москва
110410;Крабовые палочки замороженные 365 ДНЕЙ (имитация), 1000г;Не указан;51299.0;43699.0;Лента;Москва
343432;Семга подкопченная РУССКОЕ МОРЕ филе-кусок, 200г;Не указан;98799.0;91599.0;Лента;Москва
70814;Крабовые палочки VICI, 1000г;Не указан;84799.0;33899.0;Лента;Москва
654866;Сардины копченые PREMIUM CLUB в масле, 185г;Не указан;26499.0;21899.0;Лента;Москва
390693;Минога горячего копчения ЛИСИЙ НОС, 200г;Не указан;60999.0;44899.0;Лента;Москва
167268;Лещ вяленый крупный, весовой;Не указан;23000.0;;Лента;Москва
862796;Икра горбуши соленая ПУТИНА зернистая, 100г;Не указан;115499.0;;Лента;Москва
751084;Суши-сэндвич с тунцом, 250г;Не указан;19999.0;;Лента;Москва
725677;Форель охлажденная ОСТРОВ Горная Осетия, стейк, весовая;Не указан;225999.0;153679.0;Лента;Москва
715874;Пангасиус замороженный ВКУСАРТ медальон, 400г;Не указан;43699.0;34499.0;Лента;Москва
336584;Сельдь МЕРИДИАН филе-кусочки в масле с дымком, 480г;Не указан;45999.0;37999.0;Лента;Москва
887866;Сардина Атлантическая РЫБНОЕ МЕНЮ с добавлением масла, 250г;Не указан;16499.0;;Лента;Москва
862214;Креветки Королевские сыромороженые ШИФУДО в панцире с головой с разрезом на спинке, бабочка, 300г;Не указан;88799.0;;Лента;Москва
358186;Скумбрия холодного копчения БАЛТИЙСКИЙ БЕРЕГ кусочки, 280г;Не указан;34699.0;;Лента;Москва
510775;Кальмар замороженный AQUA PRODUKT очищенный, щупальца, 300г;Не указан;60399.0;46399.0;Лента;Москва
715690;Коктейль из морепродуктов MARE Оливковый Прованс, в масле с розмарином и орегано, 150г;Не указан;21099.0;19399.0;Лента;Москва
856047;Форель холодного копчения РЕСПУБЛИКА ФОРЕЛИЯ филе на коже, весовая;Не указан;139950.0;;Лента;Москва
336583;Сельдь МЕРИДИАН филе-кусочки в масле с укропом, 480г;Не указан;46799.0;38699.0;Лента;Москва
719390;Палтус синекорый свежемороженый BOREALIS стейк, 400г;Не указан;115099.0;;Лента;Москва
505411;Мидии варено-мороженые AQUA PRODUKT Крымские, в раковине, 450г;Не указан;63299.0;46199.0;Лента;Москва
740529;Мидии варено-мороженые ШИФУДО мясо 200/300, 300г;Не указан;44299.0;;Лента;Москва
669259;Икра лососевая имитированная КАМЧАТСКОЕ МОРЕ структурированная, 95г;Не указан;23299.0;;Лента;Москва
703957;Медальоны замороженные POLAR из филе горбуши, 400г;Не указан;80799.0;;Лента;Москва
627357;Горбуша холодного копчения РУССКОЕ МОРЕ кусочки, 500г;Не указан;70699.0;;Лента;Москва
722682;Икра стерляди ПУТИНА зернистая, 50г;Не указан;399599.0;310799.0;Лента;Москва
594457;Масляная рыба холодного копчения ДАРЫ ОКЕАНА ломтики, 70г;Не указан;22299.0;;Лента;Москва
768297;Икра рыбная ПУТИНА с крабовым мясом (имитация), 160г;Не указан;16399.0;12899.0;Лента;Москва
262577;Икра ленского осетра ROYAL BLACK, 50г;Не указан;577699.0;359699.0;Лента;Москва
707450;Паштет УЛЬТРАМАРИН из мяса антарктического криля, 105г;Не указан;18399.0;14999.0;Лента;Москва
722847;Креветки варено-мороженые AURORA неразделанные глазированные 150+, 1кг;Не указан;113999.0;90099.0;Лента;Москва
611269;Сельдь слабосоленая САНТА БРЕМОР Матиас XXL Отборный, филе-кусочки в масле с пряностями, 400г;Не указан;51899.0;42799.0;Лента;Москва
883737;Икра минтая подкопченная в масле, весовая;Не указан;32000.0;26000.0;Лента;Москва
769454;Сельдь VICI По-русски, филе-кусочки с маринованными огурцами и луком, 200г;Не указан;22499.0;18899.0;Лента;Москва
587391;Печень тресковых видов рыб По-скандинавски, 240г;Не указан;9799.0;;Лента;Москва
740470;Ветчина лососевая БАЛТИЙСКИЙ БЕРЕГ, 250г;Не указан;37699.0;23199.0;Лента;Москва
599372;Коктейль из морепродуктов маринованный VICI Морской, с креветками (имитация) в масле, 360г;Не указан;38199.0;28499.0;Лента;Москва
714977;Кальмар МЕРИДИАН в соусе карри, соломка, 180г;Не указан;28399.0;24199.0;Лента;Москва
175469;Щука, филе без кожи, весовая;Не указан;45510.0;41000.0;Лента;Москва
749644;Кальмар ШИФУДО фаршированный тремя видами сыра и зеленью, 250г;Не указан;40799.0;;Лента;Москва
590267;Креветка подкопченная рубленая MARE в соусе, 150г;Не указан;17299.0;;Лента;Москва
565756;Окунь замороженный FISH & MORE филе, 500г;Не указан;65299.0;;Лента;Москва
278072;Коктейль из морепродуктов МЕРИДИАН в масле, 415г;Не указан;64899.0;51899.0;Лента;Москва
733134;Каша перловая КАПИТАН ВКУСОВ с филе-кусочками тунца полосатого, 170г;Не указан;23199.0;;Лента;Москва
551344;Кальмар замороженный POLAR неочищенный, тушка, 500г;Не указан;50399.0;39999.0;Лента;Москва
676210;Нерка холодного копчения WISH FISH филе-кусок, 150г;Не указан;46799.0;37499.0;Лента;Москва
195545;Осетр живой, весовой;Не указан;209999.0;;Лента;Москва
703349;Мясо мидий Чилийских МЕРИДИАН в масле, 270г;Не указан;36299.0;28099.0;Лента;Москва
353998;Сельдь специального посола БАЛТИЙСКИЙ БЕРЕГ потрошеная, 650г;Не указан;34199.0;;Лента;Москва
746555;Форель холодного копчения WISH FISH филе-кусок, 150г;Не указан;58499.0;43299.0;Лента;Москва
887643;Тунец холодного копчения WISH FISH с ароматными травами, филе-ломтики, 100г;Не указан;32499.0;27999.0;Лента;Москва
583719;Сельдь БАЛТИЙСКИЙ БЕРЕГ По-царски, филе в масле, 400г;Не указан;28999.0;23199.0;Лента;Москва
733133;Каша гречневая КАПИТАН ВКУСОВ с филе-кусочками тунца полосатого, 170г;Не указан;24899.0;;Лента;Москва
749648;Креветки Королевские белоногие варено-мороженые ШИФУДО в соусе Сливочный Васаби, очищенные, 100г;Не указан;44499.0;;Лента;Москва
725738;Форель охлажденная ОСТРОВ Горная Осетия, филе, весовая;Не указан;235039.0;180799.0;Лента;Москва
713611;Паштет рыбный ХАМЕ Треска, 80г;Не указан;18599.0;15699.0;Лента;Москва
743179;Минтай вяленый с перцем, филе, весовой;Не указан;69000.0;;Лента;Москва
743511;Палтус Синекорый замороженный НОВАЯ АЛЯСКА филе на коже, 400г;Не указан;155299.0;126499.0;Лента;Москва
724883;Камбала-ерш вяленая, стейк, весовая;Не указан;60000.0;;Лента;Москва
703350;Мясо мидий Чилийских МЕРИДИАН в соусе карри, 180г;Не указан;22499.0;19499.0;Лента;Москва
700757;Креветки замороженные VICI Torpedo, очищенные с хвостиком в панировке, 200г;Не указан;56599.0;;Лента;Москва
887641;Тунец холодного копчения WISH FISH филе-кусок, 130г;Не указан;33599.0;30299.0;Лента;Москва
879801;Ролл ЙУМИ Первая симфония с креветкой темпура, 180г;Не указан;39199.0;;Лента;Москва
277416;Сельдь МЕРИДИАН филе-кусочки в масле с зеленью, 175г;Не указан;20299.0;;Лента;Москва
78387;Зубатка синяя потрошеная без головы, весовая;Не указан;49949.0;44999.0;Лента;Москва
262578;Икра стерляди ROYAL BLACK, 50г;Не указан;346399.0;316399.0;Лента;Москва
634862;Креветки замороженные POLAR Королевские неразделанные 50/70, 500г;Не указан;64999.0;;Лента;Москва
654867;Горбуша PREMIUM CLUB в горчичном соусе, 185г;Не указан;32199.0;26499.0;Лента;Москва
269903;Кижуч слабосоленый МЕРИДИАН ломтики, 120г;МЕРИДИАН;64599.0;;Лента;Москва
608579;Судак вяленый неразделанный, весовой;Прочие Товары;36000.0;;Лента;Москва
864596;Креветки северные замороженные AURORA 90/120, 2кг;AURORA;198399.0;154899.0;Лента;Москва
863648;Икра осетровая соленая ПУТИНА зернистая, первый сорт, 50г;ПУТИНА;410699.0;366299.0;Лента;Москва
749645;Мидии ШИФУДО мясо в соусе Том-Ям, 100г;ШИФУДО;21699.0;;Лента;Москва
518391;Форель слабосоленая МИРАМАР филе-кусок, 200г;МИРАМАР;62199.0;44499.0;Лента;Москва
521434;Шпроты ВКУСНЫЕ КОНСЕРВЫ в масле, 175г;ВКУСНЫЕ КОНСЕРВЫ;23499.0;17199.0;Лента;Москва
523853;Икра лососевая 365 ДНЕЙ зернистая, 1-й сорт, 75г;365 ДНЕЙ;44299.0;;Лента;Москва
527849;Скумбрия Атлантическая пряного посола ЛЕНТА нарезанная, 280г;ЛЕНТА;44499.0;34199.0;Лента;Москва
547548;Крабовые палочки РУССКОЕ МОРЕ, 400г;РУССКОЕ МОРЕ;26299.0;20199.0;Лента;Москва
554629;Палтус ЛЕНТА FRESH потрошеный без головы (из замороженного сырья), весовой;ЛЕНТА FRESH СП;143999.0;119999.0;Лента;Москва
556915;Икра лососевая имитированная РУССКОЕ МОРЕ Стольная, 230г;РУССКОЕ МОРЕ;15699.0;10299.0;Лента;Москва
558170;Икра лососевая КАМЧАТСКОЕ МОРЕ зернистая, ГОСТ, 140г;КАМЧАТСКОЕ МОРЕ;194399.0;131199.0;Лента;Москва
559590;Горбуша потрошеная без головы, свежемороженая, весовая;Прочие Товары;53999.0;44999.0;Лента;Москва
594457;Масляная рыба холодного копчения ДАРЫ ОКЕАНА ломтики, 70г;ДАРЫ ОКЕАНА;22299.0;;Лента;Москва
609191;Горбуша горячего копчения РУССКОЕ МОРЕ без головы, 500г;РУССКОЕ МОРЕ;66699.0;;Лента;Москва
625547;"Скумбрия Атлантическая пряного посола ЛЕНТА FRESH потрошеная без головы, 
фасованная, весовая";ЛЕНТА FRESH СП;38250.0;;Лента;Москва
627494;Паста из тресковых рыб САНТА БРЕМОР Фиш-мусс, с лососем, 140г;САНТА БРЕМОР;12299.0;9699.0;Лента;Москва
627570;Паста из тресковых рыб САНТА БРЕМОР Фиш-мусс, с кальмаром и креветкой, 140г;САНТА БРЕМОР;12299.0;9999.0;Лента;Москва
633518;Риет подкопченный ЛЕНТА из горбуши, кеты и скумбрии, 180г;ЛЕНТА;22099.0;17399.0;Лента;Москва
657949;Сельдь слабосоленая BONVIDA филе в масле, 780г;BONVIDA;56999.0;44499.0;Лента;Москва
662569;Креветки Королевские варено-мороженые POLAR неразделанные 110/130, 500г;POLAR;52799.0;42399.0;Лента;Москва
676187;Нерка слабосоленая WISH FISH ломтики, 100г;WISH FISH;37199.0;31399.0;Лента;Москва
679405;Изделия кулинарные национальной японской кухни I LIKE EAT Онигири Филадельфия, 100г;I LIKE EAT;14199.0;;Лента;Москва
700602;Икра рыбная слабосоленая БАЛТИЙСКИЙ БЕРЕГ Creme Le Mare, в соусе с томатами и жареным луком, 165г;БАЛТИЙСКИЙ БЕРЕГ;19599.0;14199.0;Лента;Москва
700649;Икра рыбная слабосоленая БАЛТИЙСКИЙ БЕРЕГ Creme Le Mare, в соусе с кунжутом и соевым соусом, 165г;БАЛТИЙСКИЙ БЕРЕГ;19599.0;14199.0;Лента;Москва
704933;Судак замороженный WISH FISH филе, 500г;WISH FISH;73499.0;57099.0;Лента;Москва
705965;Крабовое мясо 365 ДНЕЙ, 200г;365 ДНЕЙ;7699.0;;Лента;Москва
708761;Крабовые палочки замороженные 365 ДНЕЙ, 200г;365 ДНЕЙ;8599.0;;Лента;Москва
709251;Горбуша Тихоокеанская КАПИТАН ВКУСОВ кусковая в натуральной заливке, 200г;КАПИТАН ВКУСОВ;29899.0;26499.0;Лента;Москва
710064;Паштет рыбный FISH POINT из филе тунца полосатого с томатами, 80г;FISH POINT;15999.0;;Лента;Москва
710345;Крабовые палочки замороженные ЛЕНТА имитация, 400г;ЛЕНТА;29899.0;22999.0;Лента;Москва
710811;Паста рыбная САНТА БРЕМОР Краб в сливочном соусе с мясом крабовым (имитация), 150г;САНТА БРЕМОР;11199.0;;Лента;Москва
887867;Риет FISH STORIES из тунца желтоперого, 115г;FISH STORIES;18699.0;;Лента;Москва
743789;Треска Атлантическая замороженная НОВАЯ АЛЯСКА филе спинки без кожи, 400г;НОВАЯ АЛЯСКА;137999.0;105799.0;Лента;Москва
881582;Ролл ЙУМИ Первая симфония с семгой и творожным сыром, 180г;ЙУМИ;41399.0;;Лента;Москва
721106;Креветки Королевские свежемороженые AGAMA Для жарки, без головы, 1кг;AGAMA;234299.0;;Лента;Москва
565757;Креветки северные варено-мороженые FISH & MORE в панцире 80/100, 750г;FISH & MORE;92999.0;;Лента;Москва
743512;Палтус Синекорый замороженный НОВАЯ АЛЯСКА филе без кожи, 400г;НОВАЯ АЛЯСКА;167899.0;137999.0;Лента;Москва
722903;Мясо мидий AURORA в белом соусе, на створках, 500г;AURORA;80799.0;51899.0;Лента;Москва
728799;Креветки Королевские замороженные, в заливке со специями, 600г;NONAME;67299.0;;Лента;Москва
526811;Паста из морепродуктов БАЛТИЙСКИЙ БЕРЕГ Creme Le Mare сливочная, 150г;БАЛТИЙСКИЙ БЕРЕГ;12299.0;;Лента;Москва
862630;Креветки Королевские сыромороженые ШИФУДО отборные целые в заливке Том Ям, 550г;ШИФУДО;71299.0;;Лента;Москва
80542;Щука неразделанная, весовая;Прочие Товары;104338.0;93998.0;Лента;Москва
749646;Кижуч ШИФУДО филе с соусом Песто с печеной свеклой, 170г;ШИФУДО;64999.0;;Лента;Москва
742974;Кальмар Командорский копчено-вяленый, щупальца, весовой;Прочие Товары;81000.0;;Лента;Москва
714223;Креветки северные варено-мороженые AURORA 90–120, глазурь 14%, 500г;AURORA;64999.0;49899.0;Лента;Москва
474753;Пелядь вяленая, неразделанная, весовая;Прочие Товары;52500.0;;Лента;Москва
851363;Минтай замороженный ВКУСАРТ филе на коже, 600г;ВКУСАРТ;57499.0;;Лента;Москва
535533;Горбуша копчено-вяленая, юкола из филе, весовая;Прочие Товары;99000.0;;Лента;Москва
740024;Креветка свежемороженая ШИФУДО 40–50, 2кг;ШИФУДО;251799.0;195499.0;Лента;Москва
888442;Семга слабосоленая ЛЕНТА филе-ломтики, 80г;ЛЕНТА;35899.0;32499.0;Лента;Москва
63277;Салат из морской капусты БАЛТИЙСКИЙ БЕРЕГ в сырном соусе, 250г;БАЛТИЙСКИЙ БЕРЕГ;12799.0;;Лента;Москва
220927;Икра осетровая ROYAL BLACK зернистая, 125г;ROYAL BLACK;1468999.0;1310699.0;Лента;Москва
866126;Краб-стригун варено-мороженый НОВАЯ АЛЯСКА Опилио, конечности, 400г;НОВАЯ АЛЯСКА;118299.0;;Лента;Москва
80493;Толстолобик непотрошеный, весовой;Прочие Товары;73258.0;65998.0;Лента;Москва
574203;Коктейль из морепродуктов БАЛТИЙСКИЙ БЕРЕГ в рассоле, 210г;БАЛТИЙСКИЙ БЕРЕГ;25499.0;;Лента;Москва
888443;Форель холодного копчения ЛЕНТА филе-кусок, 130г;ЛЕНТА;44799.0;36999.0;Лента;Москва
